receta_id,orden,t_inicio_s,accion,estilo,agua_g,notas
019fd22f-3911-7861-8da0-a40a329f2f35,1,0,verter,espiral,60,Fase 1 - Bloom
019fd22f-3911-7861-8da0-a40a329f2f35,2,15,esperar,,0,
019fd22f-3911-7861-8da0-a40a329f2f35,3,45,verter,espiral,60,Fase 1
019fd22f-3911-7861-8da0-a40a329f2f35,4,60,esperar,,0,
019fd22f-3911-7861-8da0-a40a329f2f35,5,90,verter,espiral,90,Fase 2
019fd22f-3911-7861-8da0-a40a329f2f35,6,115,esperar,,0,
019fd22f-3911-7861-8da0-a40a329f2f35,7,145,verter,espiral,90,Fase 2
019fd22f-3911-7861-8da0-a40a329f2f35,8,170,esperar,,0,Hasta que deje de gotear
019fd22f-3911-7861-8da0-a40a329f2f35,9,200,retirar,,0,Retirar el dripper
